ID,disambiguationClass,CLSNLIOD
10000,1,1
10001,,
10002,,
10003,,
10004,,
10005,,
10006,,
10007,,
10008,,
10009,,
10010,1,1
10011,,
10012,,
10013,,
10014,,
10015,,
10016,,
10017,1,
10018,,
10019,,
10020,,
10021,,
10022,,
10023,,
10024,,
10025,,
10026,,
10027,,
10028,1,1
10029,,
10030,,
10031,,
10032,,
10033,1,1
10034,,
10035,,
10036,,
10037,,
10038,,
10039,,
10040,,
10041,,
10042,0,1
10043,,
10044,,
10045,,
10046,1,1
10047,1,
10048,,
10049,,
10050,0,
10051,,
10052,1,
10053,,
10054,,
10055,,
10056,,
10057,1,
10058,,
10059,,
10060,,
10061,1,1
10062,,
10063,,
10064,,
10065,,
10066,,
10067,,
10068,,
10069,,
10070,,
10071,,
10072,,
10073,0,0
10074,,
10075,1,1
10076,0,0
10077,,
10078,,
10079,,
10080,0,
10081,0,1
10082,0,0
10083,0,1
10084,,
10085,,
10086,1,1
10087,0,0
10088,,
10089,0,1
10090,1,0
10091,,
10092,,
10093,,
10094,1,1
10095,,
10096,,
10097,,
10098,,
10099,1,1
10100,,
10101,0,0
10102,,
10103,,
10104,,
10105,,
10106,,
10107,,
10108,,
10109,,
10110,,
10111,,
10112,,
10113,1,0
10114,1,
10115,,
10116,,
10117,,
10118,,
10119,,
10120,,
10121,1,1
10122,1,
10123,1,
10124,,
10125,1,1
10126,1,0
10127,,
10128,,
10129,,
10130,,
10131,1,
10132,1,1
10133,,
10134,,
10135,,
10136,,
10137,,
10138,,1
10139,,
10140,,
10141,,
10142,,
10143,0,0
10144,,
10145,,1
10146,0,0
10147,,
10148,,
10149,,
10150,,
10151,,
10152,,
10153,,
10154,,
10155,,
10156,,
10157,,
10158,,
10159,1,1
10160,0,0
10161,1,
10162,1,1
10163,1,1
10164,,
10165,,0
10166,,
10167,,
10168,,
10169,,
10170,0,
10171,,
10172,,
10173,1,1
10174,,
10175,1,0
10176,,
10177,1,0
10178,,
10179,1,0
10180,,
10181,1,0
10182,,
10183,,
10184,,
10185,,0
10186,0,
10187,,
10188,1,0
10189,,
10190,,
10191,,
10192,1,
10193,,
10194,,
10195,,
10196,,
10197,,
10198,1,
10199,1,1
10200,1,1
10201,,
10202,,
10203,,
10204,,
10205,,
10206,,
10207,,
10208,,
10209,,
10210,,
10211,1,
10212,,
10213,,1
10214,,
10215,,
10216,,
10217,1,1
10218,,
10219,,
10220,,
10221,,
10222,,
10223,,
10224,0,1
10225,,
10226,,
10227,0,
10228,,
10229,,
10230,,
10231,,
10232,,
10233,,
10234,1,1
10235,,
10236,,
10237,0,0
10238,,
10239,,
10240,,
10241,0,
10242,,
10243,,
10244,,1
10245,,
10246,,
10247,,
10248,,
10249,1,1
10250,1,0
10251,,
10252,,
10253,1,1
10254,1,0
10255,,
10256,1,1
10257,,1
10258,1,1
10259,,
10260,,
10261,,
10262,,
10263,,
10264,,
10265,,
10266,,
10267,,
10268,,
10269,,
10270,,
10271,,
10272,1,
10273,,
10274,,
10275,,
10276,,
10277,,
10278,,
10279,,0
10280,,
10281,1,0
10282,,
10283,1,
10284,,
10285,,
10286,,
10287,,
10288,1,1
10289,,
10290,,
10291,,
10292,,
10293,,
10294,1,
10295,,
10296,1,
10297,,
10298,,
10299,,
10300,,
10301,,
10302,,
10303,,
10304,,
10305,,
10306,,
10307,,
10308,1,1
10309,0,
10310,1,
10311,,
10312,1,0
10313,,
10314,,
10315,0,
10316,1,
10317,,
10318,1,1
10319,1,1
10320,,
10321,,
10322,,
10323,,
10324,,
10325,,
10326,,
10327,,
10328,,
10329,,
10330,,
10331,,
10332,,
10333,,
10334,0,0
10335,0,
10336,,
10337,1,1
10338,,
10339,,
10340,,
10341,,
10342,,
10343,,
10344,,
10345,,
10346,,
10347,,
10348,0,0
10349,,
10350,,
10351,1,1
10352,,
10353,,
10354,,
10355,,
10356,,
10357,,
10358,1,1
10359,0,0
10360,,
10361,1,
10362,,
10363,,
10364,,
10365,1,0
10366,1,
10367,1,
10368,,
10369,,
10370,,
10371,,
10372,1,0
10373,,
10374,,
10375,,
10376,,
10377,1,1
10378,,
10379,1,1
10380,,
10381,,
10382,,
10383,,
10384,1,0
10385,1,0
10386,,
10387,,
10388,,
10389,,
10390,0,0
10391,,
10392,,
10393,1,1
10394,,
10395,,
10396,,
10397,0,
10398,1,1
10399,,
10400,,
10401,,
10402,,
10403,,
10404,,
10405,1,1
10406,0,
10407,,
10408,,
10409,,
10410,,
10411,,
10412,,
10413,1,0
10414,,
10415,,
10416,,
10417,1,1
10418,,
10419,,
10420,,
10421,,
10422,,
10423,,
10424,,
10425,,
10426,,
10427,,
10428,,
10429,,
10430,,
10431,,
10432,,
10433,,
10434,1,1
10435,,
10436,,
10437,,
10438,,
10439,1,0
10440,,
10441,,
10442,,
10443,1,0
10444,,
10445,,
10446,,
10447,,
10448,,
10449,,
10450,1,
10451,,
10452,,
10453,1,
10454,,
10455,,
10456,,
10457,,1
10458,,
10459,,
10460,,
10461,,
10462,,
10463,,
10464,,
10465,,
10466,,
10467,,
10468,,
10469,,
10470,,
10471,,
10472,,
10473,,
10474,,
10475,,
10476,,
10477,1,1
10478,,
10479,,
10480,,
10481,,
10482,,
10483,,
10484,,
10485,,
10486,,
10487,,
10488,0,0
10489,1,1
10490,,0
10491,0,1
10492,,1
10493,,
10494,,
10495,1,1
10496,,
10497,1,
10498,,
10499,,
10500,,
10501,1,0
10502,,
10503,,
10504,,
10505,,
10506,0,
10507,,
10508,,
10509,,
10510,,
10511,,
10512,,
10513,,
10514,,
10515,,
10516,,
10517,1,1
10518,,
10519,,
10520,,
10521,1,0
10522,1,0
10523,,
10524,,
10525,,
10526,,
10527,,
10528,0,0
10529,,1
10530,,
10531,,
10532,,
10533,,
10534,,
10535,,
10536,1,
10537,,
10538,,
10539,,
10540,,
10541,,
10542,,
10543,,
10544,,
10545,,
10546,0,0
10547,1,1
10548,,
10549,,
10550,,
10551,,0
10552,,
10553,1,
10554,,
10555,,
10556,1,1
10557,,
10558,,
10559,1,1
10560,,
10561,,
10562,,
10563,,
10564,,
10565,,
10566,,
10567,,
10568,,
10569,0,
10570,,
10571,1,
10572,,
10573,,
10574,,
10575,,
10576,,
10577,,
10578,,
10579,1,
10580,,
10581,0,
10582,1,0
10583,0,0
10584,1,1
10585,,
10586,1,1
10587,0,1
10588,,
10589,,
10590,,
10591,1,
10592,,
10593,,
10594,,
10595,,
10596,,
10597,1,1
10598,1,1
10599,,
10600,,
10601,,
10602,,
10603,0,
10604,,
10605,1,
10606,,
10607,,
10608,,
10609,,
10610,,
10611,,
10612,,
10613,,
10614,,
10615,,
10616,,
10617,,
10618,1,
10619,,
10620,0,
10621,,
10622,1,0
10623,,
10624,,
10625,,
10626,0,
10627,,
10628,,
10629,,
10630,1,1
10631,1,0
10632,1,
10633,0,
10634,1,0
10635,,
10636,,
10637,,
10638,,
10639,,
10640,,0
10641,,
10642,,
10643,1,
10644,,
10645,,
10646,,
10647,,
10648,0,0
10649,0,0
10650,1,1
10651,,
10652,1,
10653,,
10654,,
10655,,
10656,,
10657,,
10658,,
10659,1,
10660,,
10661,,
10662,,
10663,,
10664,0,
10665,,
10666,,
10667,1,
10668,1,
10669,0,0
10670,1,
10671,,
10672,,
10673,,
10674,,
10675,,
10676,,
10677,,
10678,,
10679,,0
10680,,
10681,0,
10682,,
10683,,
10684,,
10685,,
10686,,
10687,,
10688,1,1
10689,1,0
10690,,
10691,,
10692,,
10693,,
10694,,
10695,,
10696,1,0
10697,1,
10698,1,1
10699,,
10700,,
10701,,
10702,,
10703,,
10704,,
10705,1,
10706,,
10707,1,
10708,1,1
10709,,1
10710,,
10711,1,1
10712,1,0
10713,,
10714,,
10715,,
10716,,
10717,0,1
10718,,
10719,,
10720,1,1
10721,,
10722,,
10723,,
10724,,0
10725,0,0
10726,,
10727,,
10728,1,1
10729,,
10730,1,1
10731,,
10732,,
10733,,
10734,,
10735,,
10736,1,
10737,1,1
10738,,
10739,1,1
10740,,
10741,,
10742,,
10743,0,0
10744,,
10745,,
10746,,1
10747,,
10748,,
10749,,
10750,,
10751,,
10752,,
10753,1,
10754,,
10755,,
10756,0,
10757,,
10758,0,
10759,,
10760,,
10761,,
10762,,
10763,1,0
10764,1,1
10765,1,
10766,,
10767,1,0
10768,,
10769,,
10770,0,
10771,0,1
10772,,
10773,,
10774,,
10775,1,1
10776,0,0
10777,,
10778,1,
10779,,
10780,,
10781,,
10782,,
10783,,
10784,,
10785,0,
10786,,
10787,,
10788,,
10789,,
10790,,
10791,,
10792,,
10793,,
10794,1,0
10795,,
10796,1,
10797,1,1
10798,1,1
10799,,
10800,,
10801,,
10802,,
10803,,
10804,1,1
10805,,
10806,,
10807,,
10808,,
10809,1,
10810,,
10811,1,
10812,,
10813,,
10814,1,
10815,1,1
10816,,
10817,,
10818,,
10819,,
10820,,
10821,,
10822,,
10823,1,
10824,,
10825,,
10826,1,0
10827,,
10828,,
10829,,
10830,,
10831,1,1
10832,,
10833,,
10834,1,
10835,,
10836,1,
10837,0,1
10838,,
10839,,
10840,,
10841,,
10842,,
10843,,
10844,1,1
10845,,
10846,,0
10847,,
10848,,
10849,1,1
10850,1,1
10851,1,1
10852,,
10853,,
10854,,
10855,,
10856,,
10857,1,1
10858,1,0
10859,,
10860,,
10861,,
10862,1,
10863,,
10864,0,0
10865,,
10866,,
10867,,
10868,,0
10869,,
10870,,
10871,,
10872,,
10873,,
10874,,
10875,,
10876,1,0
10877,1,1
10878,,
10879,,
10880,,
10881,1,
10882,,
10883,,
10884,,
10885,1,1
10886,,
10887,,
10888,,
10889,,
10890,,
10891,,
10892,1,1
10893,,
10894,,
10895,,
10896,,
10897,0,
10898,0,0
10899,1,1
10900,0,0
10901,,
10902,,
10903,1,
10904,,
10905,,
10906,1,1
10907,0,0
10908,,
10909,,
10910,,
10911,,
10912,,
10913,1,
10914,,
10915,,
10916,,
10917,,
10918,,
10919,,
10920,,
10921,,0
10922,,
10923,,
10924,,
10925,,
10926,,
10927,,
10928,,
10929,,
10930,,
10931,,
10932,1,
10933,0,1
10934,,
10935,,
10936,1,1
10937,,
10938,,
10939,,
10940,,
10941,,
10942,,
10943,,
10944,1,1
10945,,
10946,,
10947,1,0
10948,,
10949,,
10950,0,0
10951,,
10952,1,
10953,1,
10954,,
10955,,
10956,,
10957,1,0
10958,,
10959,0,1
10960,,
10961,,
10962,1,1
10963,,
10964,,
10965,,
10966,1,1
10967,,
10968,,
10969,,
10970,,
10971,,
10972,,
10973,,
10974,1,1
10975,,
10976,,
10977,1,1
10978,,
10979,,
10980,0,1
10981,,
10982,,
10983,0,0
10984,,
10985,,
10986,,
10987,1,
10988,,
10989,1,
10990,,
10991,,
10992,,
10993,1,0
10994,,
10995,,
10996,,
10997,,
10998,,
10999,,
11000,,
11001,,0
11002,,
11003,,
11004,,
11005,1,
11006,,
11007,,
11008,,
11009,,
11010,,
11011,,
11012,1,
11013,,
11014,1,1
11015,0,0
11016,0,1
11017,,
11018,1,1
11019,,
11020,,
11021,,
11022,,
11023,,
11024,,
11025,,
11026,,
11027,,
11028,,
11029,,
11030,0,
11031,,
11032,,
11033,,
11034,0,1
11035,0,
11036,,
11037,1,1
11038,,
11039,,
11040,,
11041,,
11042,,
11043,1,
11044,,
11045,,
11046,,
11047,,
11048,,
11049,1,
11050,,
11051,,
11052,1,
11053,,
11054,,
11055,,
11056,,
11057,1,1
11058,,
11059,,
11060,,
11061,,
11062,,
11063,,
11064,1,
11065,,
11066,,1
11067,1,1
11068,,
11069,,
11070,,
11071,,
11072,1,1
11073,,
11074,,
11075,1,
11076,,
11077,,
11078,1,
11079,,
11080,,
11081,,
11082,,
11083,,
11084,,
11085,,
11086,,
11087,0,
11088,1,
11089,,
11090,,
11091,,
11092,,
11093,,
11094,,
11095,,
11096,,
11097,,
11098,,
11099,,
11100,,
11101,,
11102,,
11103,1,1
11104,,
11105,,
11106,1,1
11107,,
11108,,
11109,,
11110,1,
11111,1,1
11112,,
11113,,
11114,,
11115,,
11116,,
11117,,
11118,,
11119,,
11120,,
11121,1,1
11122,,
11123,,
11124,1,1
11125,0,0
11126,,
11127,,
11128,,
11129,,
11130,,
11131,,
11132,,
11133,,
11134,1,1
11135,1,1
11136,,
11137,1,
11138,,
11139,,
11140,,
11141,1,1
11142,,
11143,,
11144,1,1
11145,1,1
11146,1,0
11147,1,
11148,,
11149,0,0
11150,1,
11151,,
11152,1,1
11153,,
11154,,
11155,0,0
11156,,
11157,,
11158,1,
11159,,
11160,,
11161,,
11162,,1
11163,,
11164,1,1
11165,,
11166,,
11167,,
11168,,
11169,,
11170,0,1
11171,,
11172,,
11173,1,1
11174,,
11175,,
11176,,
11177,,
11178,,
11179,1,0
11180,,
11181,,
11182,,
11183,0,
11184,,
11185,,
11186,,
11187,,
11188,1,1
11189,,
11190,,
11191,1,
11192,1,0
11193,,
11194,1,1
11195,,
11196,,
11197,,
11198,,
11199,,
11200,,
11201,,
11202,,
11203,,
11204,,
11205,,
11206,,
11207,,1
11208,,
11209,,
11210,,
11211,,
11212,,
11213,,
11214,,
11215,,
11216,1,1
11217,,
11218,,
11219,1,1
11220,,
11221,0,0
11222,,
11223,,
11224,1,1
11225,,
11226,,
11227,,
11228,,
11229,0,1
11230,,
11231,,
11232,,
11233,,
11234,,
11235,,
11236,1,
11237,,
11238,,
11239,,
11240,0,
11241,,
11242,,
11243,,
11244,1,1
11245,,
11246,,
11247,,
11248,,
11249,1,
11250,,
11251,,
11252,,
11253,,
11254,,
11255,,
11256,1,
11257,,
11258,,
11259,1,0
11260,,
11261,1,0
11262,,
11263,,
11264,1,1
11265,1,
11266,,
11267,,
11268,,
11269,,
11270,,
11271,,
11272,,
11273,1,
11274,,1
11275,,
11276,,
11277,,
11278,,
11279,,
11280,1,1
11281,,
11282,,
11283,,
11284,,
11285,,
11286,,
11287,,
11288,,1
11289,1,0
11290,1,
11291,1,
11292,,
11293,,
11294,,1
11295,,
11296,1,1
11297,,
11298,0,
11299,,
11300,,
11301,,
11302,,
11303,0,
11304,,
11305,,
11306,,
11307,1,1
11308,,
11309,,
11310,,
11311,,
11312,,
11313,1,
11314,,
11315,,
11316,0,
11317,,
11318,0,1
11319,,
11320,,
11321,,
11322,,
11323,,
11324,,
11325,,
11326,,0
11327,,
11328,,
11329,,
11330,,
11331,,
11332,,
11333,,
11334,,
11335,,
11336,1,
11337,1,0
11338,,
11339,1,0
11340,,
11341,,
11342,,
11343,,
11344,,
11345,,
11346,,
11347,,
11348,,
11349,0,
11350,,
11351,,
11352,1,
11353,,
11354,1,1
11355,1,
11356,,
11357,,
11358,,
11359,,
11360,1,1
11361,,
11362,,
11363,,
11364,0,
11365,,
11366,,
11367,,
11368,,
11369,,
11370,,
11371,,
11372,,
11373,1,
11374,1,1
11375,,
11376,,
11377,,
11378,1,
11379,,
11380,,
11381,,
11382,,
11383,1,1
11384,,
11385,,
11386,,
11387,,
11388,0,1
11389,,
11390,,
11391,1,1
11392,0,0
11393,1,1
11394,1,
11395,,
11396,,
11397,,
11398,,
11399,,
11400,,
11401,,
11402,,
11403,,
11404,0,1
11405,,
11406,,
11407,,
11408,,
11409,,
11410,,
11411,1,
11412,1,1
11413,,
11414,,
11415,,
11416,,
11417,,
11418,0,
11419,,
11420,,
11421,,
11422,,
11423,0,
11424,,
11425,,
11426,0,
11427,,
11428,,
11429,,
11430,,0
11431,,
11432,,
11433,,
11434,,
11435,,
11436,,
11437,,
11438,0,0
11439,,
11440,,
11441,,
11442,1,1
11443,,
11444,,
11445,,
11446,,
11447,,
11448,,
11449,,
11450,,
11451,1,1
11452,0,
11453,1,0
11454,1,1
11455,,
11456,,
11457,,
11458,,
11459,,
11460,1,1
11461,1,1
11462,,
11463,,
11464,,
11465,,
11466,1,1
11467,,
11468,,
11469,,
11470,1,
11471,,
11472,,
11473,,
11474,,
11475,,
11476,,
11477,,
11478,,
11479,0,0
11480,,
11481,,
11482,,
11483,1,1
11484,,
11485,,
11486,,
11487,,
11488,0,0
11489,1,1
11490,,
11491,1,1
11492,,
11493,,
11494,,
11495,,
11496,,
11497,,
11498,1,
11499,,
11500,,
11501,1,0
11502,,
11503,1,1
11504,,
11505,1,1
11506,,
11507,,
11508,,
11509,,
11510,,
11511,,
11512,1,1
11513,,
11514,,
11515,,
11516,,
11517,,
11518,,
11519,,
11520,1,1
11521,1,1
11522,,
11523,,
11524,,
11525,1,
11526,,
11527,,
11528,,
11529,1,
11530,,
11531,,
11532,,
11533,,
11534,0,0
11535,,
11536,,
11537,0,0
11538,,
11539,,
11540,1,1
11541,1,
11542,,
11543,,
11544,,
11545,,
11546,,
11547,1,
11548,,
11549,1,1
11550,,
11551,,
11552,,
11553,,
11554,,
11555,,
11556,,
11557,,
11558,1,1
11559,,
11560,,
11561,,
11562,,
11563,,
11564,,
11565,,
11566,1,1
11567,1,1
11568,,
11569,,
11570,,
11571,,
11572,1,0
11573,,
11574,,
11575,,
11576,,
11577,1,
11578,,
11579,,
11580,0,
11581,,
11582,,
11583,,
11584,,
11585,,
11586,1,0
11587,,
11588,1,
11589,,
11590,,
11591,,
11592,,
11593,,
11594,,
11595,,
11596,1,1
11597,,
11598,,
11599,,
11600,,
11601,,
11602,,
11603,,
11604,,
11605,,
11606,,
11607,,
11608,,
11609,,
11610,,0
11611,,
11612,,
11613,,
11614,,
11615,,
11616,0,
11617,,
11618,,
11619,,
11620,,
11621,1,
11622,,
11623,,
11624,0,
11625,1,
11626,,
11627,,
11628,,
11629,,
11630,,
11631,1,
11632,1,0
11633,1,1
11634,1,
11635,,
11636,,
11637,,
11638,,
11639,,
11640,,1
11641,1,
11642,,
11643,,0
11644,,
11645,,
11646,,
11647,,
11648,,
11649,,
11650,,
11651,,
11652,,
11653,1,
11654,,
11655,,
11656,,
11657,0,
11658,,
11659,1,1
11660,1,
11661,,
11662,,
11663,1,
11664,,
11665,,
11666,,
11667,,
11668,,
11669,,
11670,1,
11671,0,1
11672,0,
11673,,
11674,,
11675,,
11676,,
11677,,
11678,,
11679,,
11680,,
11681,,
11682,,0
11683,,
11684,,
11685,,
11686,,
11687,,
11688,,
11689,,
11690,,
11691,,
11692,1,
11693,,
11694,,
11695,,
11696,,
11697,,
11698,1,
11699,,
11700,,
11701,1,
11702,1,
11703,,
11704,1,1
11705,1,1
11706,,
11707,,
11708,,
11709,0,
11710,1,1
11711,,
11712,0,
11713,,
11714,0,0
11715,,
11716,,
11717,,
11718,,
11719,,
11720,0,0
11721,,
11722,,
11723,,
11724,,
11725,,
11726,,
11727,,
11728,,
11729,0,
11730,0,1
11731,,
11732,0,
11733,1,
11734,0,0
11735,1,0
11736,,
11737,,
11738,1,1
11739,1,1
11740,,
11741,0,0
11742,,
11743,,
11744,,
11745,1,1
11746,,
11747,,
11748,,
11749,,
11750,,
11751,,
11752,,
11753,,
11754,,
11755,1,1
11756,,
11757,,
11758,0,
11759,,
11760,,
11761,,
11762,,
11763,,
11764,0,0
11765,,
11766,1,1
11767,,
11768,,
11769,,
11770,,
11771,1,1
11772,,
11773,,
11774,0,0
11775,,
11776,,
11777,1,
11778,,
11779,,
11780,,
11781,,
11782,,
11783,,
11784,,
11785,,
11786,,
11787,,
11788,,
11789,0,
11790,,
11791,,
11792,0,0
11793,,
11794,1,1
11795,1,
11796,0,0
11797,1,0
11798,1,
11799,,
11800,,
11801,,
11802,,
11803,,
11804,,
11805,0,1
11806,1,1
11807,,
11808,,
11809,,
11810,,
11811,,
11812,1,
11813,1,
11814,,
11815,,
11816,,
11817,1,1
11818,,
11819,1,
11820,0,
11821,1,1
11822,1,1
11823,,
11824,,
11825,,
11826,,
11827,1,0
11828,,
11829,,
11830,1,1
11831,,
11832,,
11833,0,
11834,,
11835,,
11836,,0
11837,,
11838,,
11839,,
11840,,
11841,,
11842,,
11843,1,0
11844,,
11845,,
11846,,
11847,,
11848,,
11849,,
11850,,
11851,1,
11852,,
11853,,1
11854,,
11855,,
11856,1,0
11857,,
11858,,
11859,1,1
11860,,
11861,,
11862,,
11863,1,
11864,,
11865,,
11866,1,1
11867,,
11868,,
11869,,
11870,0,
11871,0,1
11872,,
11873,0,0
11874,,
11875,,
11876,,
11877,,
11878,,
11879,,
11880,,
11881,,
11882,1,0
11883,,
11884,,
11885,1,0
11886,0,0
11887,,0
11888,1,
11889,,
11890,,
11891,1,
11892,,
11893,,
11894,0,0
11895,,
11896,1,1
11897,1,0
11898,,
11899,,
11900,0,
11901,,
11902,,
11903,,
11904,,
11905,,
11906,0,0
11907,0,
11908,,
11909,,
11910,,
11911,,
11912,,
11913,,0
11914,,
11915,,
11916,,
11917,,
11918,1,0
11919,,
11920,,
11921,,
11922,1,1
11923,,
11924,,
11925,,
11926,,
11927,,
11928,0,
11929,,
11930,,
11931,,
11932,,
11933,1,1
11934,,
11935,,
11936,,
11937,0,
11938,,
11939,,
11940,,
11941,,
11942,,
11943,,
11944,,
11945,,
11946,,
11947,,
11948,,
11949,,
11950,,
11951,,
11952,,
11953,,
11954,,
11955,1,1
11956,,
11957,,
11958,1,1
11959,,
11960,,
11961,0,
11962,,
11963,1,1
11964,,
11965,,
11966,,
11967,1,1
11968,,
11969,,
11970,,
11971,,
11972,1,1
11973,,1
11974,,
11975,,
11976,,
11977,,
11978,,
11979,,
11980,,
11981,,
11982,0,1
11983,,
11984,1,1
11985,,
11986,,
11987,1,0
11988,,
11989,,
11990,1,
11991,1,1
11992,,
11993,,
11994,,
11995,,
11996,,
11997,,
11998,,
11999,,
12000,,
12001,1,0
12002,,
12003,,
12004,,
12005,,
12006,0,1
12007,,
12008,,
12009,,
12010,0,0
12011,,
12012,,
12013,,
12014,,
12015,,
12016,,
12017,,
12018,,
12019,,
12020,0,0
12021,,
12022,1,
12023,,
12024,,
12025,,
12026,,
12027,,
12028,,
12029,1,1
12030,,
12031,,
12032,,
12033,,
12034,,
12035,,
12036,,
12037,,
12038,,
12039,,
12040,,
12041,,
12042,,
12043,,0
12044,,
12045,,
12046,,
12047,1,0
12048,,
12049,,
12050,,
12051,,
12052,,
12053,,
12054,,
12055,,
12056,,
12057,1,0
12058,,
12059,,
12060,,
12061,,
12062,0,1
12063,,
12064,,
12065,1,
12066,,
12067,1,
12068,,
12069,,
12070,,
12071,,
12072,,
12073,1,1
12074,,
12075,,
12076,1,0
12077,,
12078,,
12079,,
12080,,
12081,1,
12082,1,0
12083,,
12084,1,
12085,0,0
12086,,
12087,,0
12088,,
12089,,
12090,1,1
12091,,
12092,,
12093,1,
12094,1,1
12095,,
12096,,
12097,0,
12098,1,0
12099,1,1
12100,,
12101,,
12102,,
12103,,
12104,,
12105,,
12106,,
12107,1,1
12108,,
12109,0,
12110,1,
12111,,
12112,0,0
12113,0,
12114,,0
12115,,
12116,,
12117,1,0
12118,,
12119,,
12120,,
12121,,
12122,,
12123,,
12124,,
12125,1,1
12126,,
12127,,
12128,,
12129,,
12130,,
12131,,
12132,0,
12133,,
12134,1,
12135,,
12136,,
12137,0,
12138,,
12139,,
12140,,
12141,0,
12142,,
12143,,
12144,,
12145,0,1
12146,,
12147,,
12148,,
12149,1,0
12150,,
12151,1,
12152,1,1
12153,,1
12154,,
12155,,
12156,,
12157,1,
12158,1,1
12159,,
12160,,
12161,,
12162,,
12163,1,
12164,,
12165,,
12166,,
12167,,
12168,,
12169,1,1
12170,,
12171,,
12172,,
12173,,
12174,,
12175,,
12176,1,1
12177,,
12178,,
12179,0,0
12180,,
12181,,
12182,,
12183,,
12184,1,1
12185,1,
12186,,
12187,1,1
12188,,
12189,1,1
12190,,
12191,,
12192,,
12193,,
12194,1,1
12195,,
12196,,
12197,,
12198,,
12199,,
12200,,1
12201,1,1
12202,,
12203,,
12204,,
12205,1,
12206,0,1
12207,1,0
12208,,
12209,,
12210,,
12211,,
12212,,
12213,,
12214,,
12215,,
12216,,
12217,,
12218,,
12219,,
12220,1,
12221,1,1
12222,,
12223,,
12224,,
12225,,
12226,0,0
12227,,
12228,,
12229,0,
12230,1,1
12231,,
12232,,
12233,,
12234,,
12235,,
12236,1,1
12237,,0
12238,,
12239,,
12240,,
12241,,
12242,,
12243,0,1
12244,,
12245,,
12246,,
12247,,
12248,,
12249,,
12250,,
12251,,
12252,,
12253,,1
12254,1,1
12255,,
12256,,
12257,,
12258,0,
12259,,
12260,0,
12261,,
12262,,
12263,,
12264,,
12265,,
12266,1,
12267,1,1
12268,1,
12269,,
12270,,
12271,,
12272,0,0
12273,,
12274,,
12275,1,0
12276,,
12277,,
12278,,
12279,,
12280,,
12281,1,1
12282,0,
12283,,
12284,,
12285,,
12286,,
12287,,
12288,,
12289,1,
12290,,
12291,,
12292,,
12293,1,
12294,1,
12295,1,1
12296,,
12297,,
12298,1,
12299,,
12300,,
12301,1,0
12302,,
12303,,
12304,,
12305,,
12306,,
12307,,
12308,,
12309,,
12310,,
12311,1,1
12312,,
12313,,
12314,0,1
12315,,
12316,1,1
12317,,
12318,,
12319,,
12320,,
12321,,
12322,,
12323,,
12324,,
12325,,1
12326,0,0
12327,,
12328,0,
12329,1,
12330,,
12331,,
12332,1,1
12333,,
12334,,
12335,,
12336,,
12337,,
12338,,
12339,,
12340,,
12341,,
12342,,
12343,,
12344,0,1
12345,,
12346,,
12347,,
12348,1,0
12349,1,
12350,,
12351,0,1
12352,,
12353,1,
12354,0,0
12355,,
12356,,
12357,,
12358,,
12359,,
12360,,
12361,,
12362,,
12363,,
12364,1,0
12365,,
12366,,
12367,,
12368,1,1
12369,,
12370,,
12371,,
12372,1,
12373,,
12374,,
12375,,
12376,,
12377,,
12378,,
12379,,
12380,,
12381,,
12382,1,0
12383,,
12384,,
12385,,
12386,1,0
12387,1,1
12388,,
12389,1,1
12390,,
12391,,
12392,,
12393,,
12394,,
12395,1,
12396,,
12397,0,1
12398,1,0
12399,,
12400,,
12401,,
12402,,
12403,,
12404,,
12405,1,1
12406,1,1
12407,,
12408,,
12409,,
12410,,
12411,,
12412,,
12413,,
12414,,
12415,,
12416,1,1
12417,,
12418,,
12419,,
12420,,
12421,,
12422,,
12423,1,0
12424,,
12425,,
12426,,
12427,,
12428,1,1
12429,,
12430,0,1
12431,1,1
12432,1,1
12433,,
12434,,
12435,,
12436,,
12437,,
12438,,
12439,,
12440,1,1
12441,0,0
12442,,
12443,,
12444,,
12445,1,0
12446,1,
12447,,
12448,1,0
12449,,
12450,,
12451,,
12452,1,1
12453,,
12454,,
12455,1,1
12456,,
12457,1,1
12458,1,1
12459,,
12460,,
12461,,
12462,,
12463,0,0
12464,,
12465,,
12466,,
12467,,
12468,,
12469,,
12470,1,1
12471,,
12472,,
12473,1,0
12474,,
12475,1,
12476,,
12477,1,1
12478,,
12479,,
12480,1,1
12481,1,
12482,1,1
12483,,1
12484,0,
12485,,
12486,,
12487,0,
12488,0,0
12489,,
12490,1,1
12491,,
12492,0,1
12493,,
12494,1,0
12495,1,
12496,1,
12497,,
12498,,
12499,1,1
12500,,
12501,,
12502,,
12503,,
12504,1,1
12505,,
12506,,
12507,1,
12508,,
12509,0,0
12510,,
12511,,
12512,,
12513,,
12514,,
12515,1,1
12516,1,1
12517,,
12518,,
12519,,
12520,1,1
12521,0,0
12522,,
12523,,
12524,1,
12525,1,1
12526,1,1
12527,1,1
12528,,1
12529,,
12530,1,1
12531,,
12532,,
12533,,
12534,1,1
12535,,
12536,1,
12537,1,
12538,,
12539,,
12540,0,0
12541,,
12542,1,1
12543,,
12544,,
12545,,
12546,,
12547,0,0
12548,,
12549,0,0
12550,,
12551,,
12552,,
12553,1,
12554,,
12555,,
12556,,
12557,1,
12558,1,
12559,,
12560,,
12561,1,1
12562,0,0
12563,,
12564,0,
12565,,
12566,1,1
12567,,
12568,,
12569,,
12570,,
12571,,
12572,1,0
12573,1,0
12574,,
12575,,
12576,1,1
12577,,
12578,,
12579,1,0
12580,,
12581,,
12582,,
12583,,
12584,0,0
12585,1,1
12586,,
12587,,
12588,1,0
12589,,
12590,1,1
12591,,
12592,1,1
12593,1,1
12594,,
12595,1,1
12596,1,1
12597,,
12598,1,1
12599,,
12600,0,
12601,,
12602,,
12603,,
12604,,
12605,,
12606,1,1
12607,,
12608,,
12609,,
12610,,
12611,1,1
12612,,
12613,,
12614,,
12615,,
12616,,
12617,1,
12618,,
12619,0,
12620,1,1
12621,,
12622,,
12623,,
12624,,
12625,,
12626,1,
12627,,
12628,,
12629,,
12630,1,
12631,,
12632,1,1
12633,,
12634,,
12635,,
12636,,
12637,,0
12638,,
12639,,
12640,,
12641,,
12642,,
12643,,
12644,1,1
12645,,
12646,,
12647,,
12648,1,1
12649,0,0
12650,1,0
12651,,
12652,,
12653,,
12654,,
12655,,
12656,1,1
12657,1,1
12658,,
12659,,
12660,1,1
12661,,
12662,1,0
12663,,
12664,,
12665,1,
12666,1,1
12667,,
12668,1,1
12669,,
12670,0,0
12671,1,0
12672,1,1
12673,1,1
12674,,1
12675,1,1
12676,1,1
12677,1,0
12678,,
12679,1,1
12680,0,1
12681,,
12682,1,0
12683,1,1
12684,1,1
12685,,
12686,,
12687,,
12688,,
12689,1,
12690,1,1
12691,,
12692,,
12693,1,
12694,,
12695,,
12696,,
12697,,
12698,,
12699,,
12700,1,1
12701,,
12702,1,
12703,,
12704,1,1
12705,1,0
12706,,
12707,,
12708,1,1
12709,1,1
12710,1,1
12711,1,
12712,1,0
12713,,
12714,1,
12715,,
12716,,
12717,,
12718,,
12719,,
12720,,
12721,,
12722,,
12723,0,
12724,,
12725,0,0
12726,,
12727,,
12728,,
12729,1,1
12730,,
12731,1,0
12732,1,1
12733,1,1
12734,,
12735,1,
12736,,
12737,,
12738,1,
12739,,
12740,1,1
12741,1,
12742,,
12743,,
12744,,
12745,1,1
12746,,
12747,,
12748,1,1
12749,1,
12750,,
12751,0,1
12752,,
12753,1,1
12754,,
12755,,
12756,,
12757,,
12758,1,1
12759,,
12760,,
12761,,
12762,1,0
12763,,
12764,,
12765,1,
12766,,
12767,,
12768,,
12769,,
12770,,
12771,1,1
12772,0,0
12773,1,
12774,,
12775,,
12776,,
12777,1,1
12778,1,
12779,,
12780,,
12781,1,
12782,0,
12783,,
12784,,
12785,,
12786,0,1
12787,,
12788,,
12789,0,
12790,1,0
12791,,
12792,,
12793,,
12794,,
12795,,
12796,,
12797,,
12798,,
12799,,
12800,,
12801,,
12802,,
12803,,
12804,1,1
12805,1,1
12806,,
12807,0,0
12808,,
12809,,
12810,,
12811,,
12812,1,1
12813,,
12814,,
12815,1,0
12816,,
12817,1,
12818,,
12819,1,
12820,,
12821,1,
12822,,
12823,,
12824,1,0
12825,,
12826,1,
12827,,
12828,,
12829,,
12830,,
12831,,
12832,0,
12833,1,1
12834,,
12835,,
12836,,
12837,,
12838,,0
12839,1,1
12840,,
12841,,
12842,,
12843,,
12844,1,
12845,1,1
12846,,
12847,,
12848,,
12849,,
12850,1,0
12851,,
12852,,
12853,1,
12854,,
12855,1,
12856,,
12857,1,1
12858,,
12859,,
12860,1,0
12861,,
12862,1,0
12863,1,
12864,,
12865,,
12866,,
12867,,
12868,1,
12869,,
12870,0,1
12871,,
12872,1,0
12873,1,1
12874,1,1
12875,1,0
12876,,
12877,,
12878,1,1
12879,,
12880,,
12881,,
12882,,
12883,1,1
12884,,
12885,1,1
12886,,
12887,1,1
12888,,
12889,1,1
12890,,
12891,,
12892,,
12893,,
12894,,
12895,,
12896,1,1
12897,,
12898,,
12899,,
12900,0,0
12901,,
12902,,
12903,1,
12904,,
12905,1,
12906,,
12907,1,1
12908,,
12909,,
12910,,
12911,1,
12912,,
12913,,
12914,,1
12915,,
12916,1,1
12917,,
12918,,
12919,,
12920,,1
12921,,
12922,0,0
12923,,
12924,,
12925,,
12926,,
12927,,
12928,1,
12929,,
12930,1,1
12931,1,1
12932,,
12933,1,1
12934,,
12935,,
12936,1,1
12937,0,0
12938,1,
12939,,
12940,0,1
12941,,
12942,,
12943,0,0
12944,1,
12945,1,0
12946,,
12947,,
12948,1,0
12949,1,1
12950,1,0
12951,1,1
12952,,
12953,,
12954,,
12955,1,
12956,,
12957,,
12958,,
12959,,
12960,,
12961,,
12962,,
12963,1,0
12964,0,
12965,,
12966,,
12967,0,0
12968,1,0
12969,,
12970,1,1
12971,,
12972,,
12973,0,0
12974,1,1
12975,,
12976,,
12977,1,
12978,1,
12979,,
12980,1,1
12981,,
12982,,
12983,,
12984,1,
12985,,
12986,,
12987,1,
12988,,
12989,,
12990,0,1
12991,,
12992,0,0
12993,,
12994,,
12995,,
12996,,
12997,,
12998,,
12999,1,1
13000,,
13001,1,
13002,,
13003,1,0
13004,1,1
13005,,
13006,,
13007,,
13008,1,
13009,1,1
13010,1,0
13011,,
13012,,
13013,1,1
13014,1,1
13015,1,1
13016,1,1
13017,1,1
13018,,
13019,,
13020,1,0
13021,,
13022,,
13023,0,1
13024,,
13025,1,0
13026,,
13027,,
13028,1,0
13029,,
13030,,
13031,,
13032,,
13033,,
13034,,0
13035,,
13036,,
13037,,
13038,,
13039,1,1
13040,,
13041,1,1
13042,1,1
13043,,
13044,1,
13045,1,1
13046,,
13047,,
13048,,
13049,,
13050,1,1
13051,,
13052,,
13053,1,
13054,,
13055,1,1
13056,,
13057,1,
13058,0,
13059,0,
13060,,
13061,,
13062,,
13063,,
13064,1,1
13065,1,
13066,1,0
13067,,1
13068,,
13069,,
13070,,
13071,,
13072,1,
13073,,
13074,,
13075,,
13076,1,0
13077,,
13078,,
13079,1,1
13080,1,1
13081,,
13082,,
13083,1,1
13084,,
13085,,
13086,1,1
13087,,
13088,1,
13089,1,0
13090,0,0
13091,,
13092,,
13093,1,0
13094,,
13095,,
13096,,
13097,,
13098,,
13099,,
13100,,
13101,1,1
13102,0,0
13103,,
13104,,
13105,,
13106,1,
13107,,
13108,,
13109,1,1
13110,1,
13111,,
13112,,
13113,,
13114,,
13115,,
13116,,
13117,,
13118,1,0
13119,,
13120,,
13121,1,1
13122,,
13123,,1
13124,0,0
13125,,
13126,1,0
13127,,
13128,,
13129,0,1
13130,,
13131,1,1
13132,,
13133,1,1
13134,,
13135,,
13136,,
13137,,
13138,,
13139,1,1
13140,,
13141,,
13142,1,
13143,,
13144,1,1
13145,0,1
13146,,
13147,1,
13148,,
13149,1,1
13150,0,0
13151,,
13152,,
13153,,
13154,,
13155,,
13156,,
13157,,
13158,,
13159,1,1
13160,,
13161,1,0
13162,,
13163,,
13164,,
13165,,
13166,,1
13167,1,
13168,1,1
13169,1,1
13170,,
13171,1,1
13172,,
13173,,
13174,1,1
13175,1,0
13176,,
13177,,
13178,1,
13179,,
13180,,
13181,,
13182,,
13183,,
13184,,
13185,,
13186,,
13187,1,
13188,1,1
13189,,
13190,0,
13191,1,0
13192,1,
13193,,
13194,,
13195,,
13196,1,1
13197,0,
13198,1,1
13199,1,
13200,1,0
13201,,
13202,,
13203,,1
13204,1,0
13205,,
13206,,
13207,1,0
13208,,
13209,,
13210,,
13211,,
13212,1,1
13213,,
13214,,
13215,,
13216,,
13217,1,
13218,,
13219,,
13220,,
13221,,
13222,1,
13223,1,0
13224,1,0
13225,,
13226,,
13227,,
13228,1,1
13229,,
13230,,
13231,1,1
13232,,
13233,,
13234,1,
13235,,
13236,,
13237,,
13238,,
13239,,
13240,1,
13241,,
13242,,
13243,1,
13244,1,
13245,,
13246,,
13247,,
13248,1,1
13249,,
13250,1,
13251,,
13252,0,1